证券代码,证券简称,行业中类,行业大类,行业门类,行业来源,更新截止
000001,平安银行,股份制银行Ⅲ,货币金融服务,金融业,cninfo_stock_industry_change,20260423
000002,万  科Ａ,房地产开发,房地产业,房地产业,cninfo_stock_industry_change,20260423
000009,中国宝安,电池化学品,其他金融业,金融业,cninfo_stock_industry_change,20260423
000021,深科技,消费电子零部件及组装,计算机、通信和其他电子设备制造业,制造业,cninfo_stock_industry_change,20260423
000027,深圳能源,火电,电力、热力生产和供应业,电力、热力、燃气及水生产和供应业,cninfo_stock_industry_change,20260423
000032,深桑达Ａ,其他专业工程,建筑安装业,建筑业,cninfo_stock_industry_change,20260423
000034,神州数码,IT服务Ⅲ,批发业,批发和零售业,cninfo_stock_industry_change,20260423
000039,中集集团,金属制品,金属制品业,制造业,cninfo_stock_industry_change,20260423
000050,深天马Ａ,显示器件,计算机、通信和其他电子设备制造业,制造业,cninfo_stock_industry_change,20260423
000060,中金岭南,铅锌,有色金属冶炼和压延加工业,制造业,cninfo_stock_industry_change,20260423
000062,深圳华强,其他电子,批发业,批发和零售业,cninfo_stock_industry_change,20260423
000063,中兴通讯,通信网络设备及器件,计算机、通信和其他电子设备制造业,制造业,cninfo_stock_industry_change,20260423
000088,盐 田 港,港口,水上运输业,交通运输、仓储和邮政业,cninfo_stock_industry_change,20260423
000100,TCL科技,面板,计算机、通信和其他电子设备制造业,制造业,cninfo_stock_industry_change,20260423
000155,川能动力,风力发电,电力、热力生产和供应业,电力、热力、燃气及水生产和供应业,cninfo_stock_industry_change,20260423
000157,中联重科,工程机械整机,专用设备制造业,制造业,cninfo_stock_industry_change,20260423
000166,申万宏源,证券,资本市场服务,金融业,cninfo_stock_industry_change,20260423
000301,东方盛虹,炼油化工,化学原料和化学制品制造业,制造业,cninfo_stock_industry_change,20260423
000333,美的集团,空调,电气机械和器材制造业,制造业,cninfo_stock_industry_change,20260423
000338,潍柴动力,底盘与发动机系统,汽车制造业,制造业,cninfo_stock_industry_change,20260423
000400,许继电气,电网自动化设备,电气机械和器材制造业,制造业,cninfo_stock_industry_change,20260423
000408,藏格矿业,锂,化学原料和化学制品制造业,制造业,cninfo_stock_industry_change,20260423
000415,渤海租赁,租赁,租赁业,租赁和商务服务业,cninfo_stock_industry_change,20260423
000423,东阿阿胶,中成药,医药制造业,制造业,cninfo_stock_industry_change,20260423
000425,徐工机械,工程机械整机,专用设备制造业,制造业,cninfo_stock_industry_change,20260423
000426,兴业银锡,铅锌,有色金属矿采选业,采矿业,cninfo_stock_industry_change,20260423
000429,粤高速Ａ,高速公路,道路运输业,交通运输、仓储和邮政业,cninfo_stock_industry_change,20260423
000513,丽珠集团,化学制剂,医药制造业,制造业,cninfo_stock_industry_change,20260423
000519,中兵红箭,地面兵装,专用设备制造业,制造业,cninfo_stock_industry_change,20260423
000528,柳    工,工程机械整机,专用设备制造业,制造业,cninfo_stock_industry_change,20260423
000537,绿发电力,风力发电,电力、热力生产和供应业,电力、热力、燃气及水生产和供应业,cninfo_stock_industry_change,20260423
000538,云南白药,中成药,医药制造业,制造业,cninfo_stock_industry_change,20260423
000539,粤电力Ａ,火电,电力、热力生产和供应业,电力、热力、燃气及水生产和供应业,cninfo_stock_industry_change,20260423
000559,万向钱潮,底盘与发动机系统,汽车制造业,制造业,cninfo_stock_industry_change,20260423
000563,陕国投Ａ,信托,其他金融业,金融业,cninfo_stock_industry_change,20260423
000568,泸州老窖,白酒Ⅲ,酒、饮料和精制茶制造业,制造业,cninfo_stock_industry_change,20260423
000582,北部湾港,港口,水上运输业,交通运输、仓储和邮政业,cninfo_stock_industry_change,20260423
000591,太阳能,光伏发电,电力、热力生产和供应业,电力、热力、燃气及水生产和供应业,cninfo_stock_industry_change,20260423
000596,古井贡酒,白酒Ⅲ,酒、饮料和精制茶制造业,制造业,cninfo_stock_industry_change,20260423
000598,兴蓉环境,水务及水治理,水的生产和供应业,电力、热力、燃气及水生产和供应业,cninfo_stock_industry_change,20260423
000617,中油资本,金融控股,货币金融服务,金融业,cninfo_stock_industry_change,20260423
000623,吉林敖东,中药Ⅲ,医药制造业,制造业,cninfo_stock_industry_change,20260423
000625,长安汽车,综合乘用车,汽车制造业,制造业,cninfo_stock_industry_change,20260423
000629,钒钛股份,冶钢辅料,有色金属冶炼和压延加工业,制造业,cninfo_stock_industry_change,20260423
000630,铜陵有色,铜,有色金属冶炼和压延加工业,制造业,cninfo_stock_industry_change,20260423
000651,格力电器,白色家电,电气机械和器材制造业,制造业,cninfo_stock_industry_change,20260423
000657,中钨高新,钨,金属制品业,制造业,cninfo_stock_industry_change,20260423
000661,长春高新,其他生物制品,医药制造业,制造业,cninfo_stock_industry_change,20260423
000683,博源化工,纯碱,化学原料和化学制品制造业,制造业,cninfo_stock_industry_change,20260423
000703,恒逸石化,炼油化工,化学纤维制造业,制造业,cninfo_stock_industry_change,20260423
000708,中信特钢,特钢Ⅲ,黑色金属冶炼和压延加工业,制造业,cninfo_stock_industry_change,20260423
000709,河钢股份,板材,黑色金属冶炼和压延加工业,制造业,cninfo_stock_industry_change,20260423
000723,美锦能源,焦炭Ⅲ,石油、煤炭及其他燃料加工业,制造业,cninfo_stock_industry_change,20260423
000725,京东方Ａ,显示器件,计算机、通信和其他电子设备制造业,制造业,cninfo_stock_industry_change,20260423
000728,国元证券,证券,资本市场服务,金融业,cninfo_stock_industry_change,20260423
000729,燕京啤酒,啤酒,酒、饮料和精制茶制造业,制造业,cninfo_stock_industry_change,20260423
000733,振华科技,军工电子Ⅲ,计算机、通信和其他电子设备制造业,制造业,cninfo_stock_industry_change,20260423
000738,航发控制,航空装备,铁路、船舶、航空航天和其他运输设备制造业,制造业,cninfo_stock_industry_change,20260423
000739,普洛药业,化学原料药,医药制造业,制造业,cninfo_stock_industry_change,20260423
000750,国海证券,证券,资本市场服务,金融业,cninfo_stock_industry_change,20260423
000768,中航西飞,航空装备,铁路、船舶、航空航天和其他运输设备制造业,制造业,cninfo_stock_industry_change,20260423
000776,广发证券,证券,资本市场服务,金融业,cninfo_stock_industry_change,20260423
000783,长江证券,证券,资本市场服务,金融业,cninfo_stock_industry_change,20260423
000785,居然智家,商业物业经营,商务服务业,租赁和商务服务业,cninfo_stock_industry_change,20260423
000786,北新建材,其他建材,非金属矿物制品业,制造业,cninfo_stock_industry_change,20260423
000792,盐湖股份,钾肥,化学原料和化学制品制造业,制造业,cninfo_stock_industry_change,20260423
000807,云铝股份,铝,有色金属冶炼和压延加工业,制造业,cninfo_stock_industry_change,20260423
000825,太钢不锈,特钢Ⅲ,黑色金属冶炼和压延加工业,制造业,cninfo_stock_industry_change,20260423
000830,鲁西化工,煤化工,化学原料和化学制品制造业,制造业,cninfo_stock_industry_change,20260423
000831,中国稀土,稀土,有色金属冶炼和压延加工业,制造业,cninfo_stock_industry_change,20260423
000858,五 粮 液,白酒Ⅲ,酒、饮料和精制茶制造业,制造业,cninfo_stock_industry_change,20260423
000876,新 希 望,生猪养殖,农副食品加工业,制造业,cninfo_stock_industry_change,20260423
000878,云南铜业,铜,有色金属冶炼和压延加工业,制造业,cninfo_stock_industry_change,20260423
000883,湖北能源,电能综合服务,电力、热力生产和供应业,电力、热力、燃气及水生产和供应业,cninfo_stock_industry_change,20260423
000887,中鼎股份,其他汽车零部件,橡胶和塑料制品业,制造业,cninfo_stock_industry_change,20260423
000893,亚钾国际,钾肥,化学原料和化学制品制造业,制造业,cninfo_stock_industry_change,20260423
000895,双汇发展,肉制品,农副食品加工业,制造业,cninfo_stock_industry_change,20260423
000898,鞍钢股份,板材,黑色金属冶炼和压延加工业,制造业,cninfo_stock_industry_change,20260423
000921,海信家电,空调,电气机械和器材制造业,制造业,cninfo_stock_industry_change,20260423
000932,华菱钢铁,板材,黑色金属冶炼和压延加工业,制造业,cninfo_stock_industry_change,20260423
000933,神火股份,铝,有色金属冶炼和压延加工业,制造业,cninfo_stock_industry_change,20260423
000937,冀中能源,焦煤,煤炭开采和洗选业,采矿业,cninfo_stock_industry_change,20260423
000938,紫光股份,IT服务Ⅲ,计算机、通信和其他电子设备制造业,制造业,cninfo_stock_industry_change,20260423
000951,中国重汽,商用载货车,汽车制造业,制造业,cninfo_stock_industry_change,20260423
000958,电投产融,其他多元金融,电力、热力生产和供应业,电力、热力、燃气及水生产和供应业,cninfo_stock_industry_change,20260423
000959,首钢股份,板材,黑色金属冶炼和压延加工业,制造业,cninfo_stock_industry_change,20260423
000960,锡业股份,其他稀有小金属,有色金属冶炼和压延加工业,制造业,cninfo_stock_industry_change,20260423
000963,华东医药,化学制剂,零售业,批发和零售业,cninfo_stock_industry_change,20260423
000967,盈峰环境,环保设备Ⅲ,专用设备制造业,制造业,cninfo_stock_industry_change,20260423
000975,山金国际,黄金,有色金属矿采选业,采矿业,cninfo_stock_industry_change,20260423
000977,浪潮信息,其他计算机设备,计算机、通信和其他电子设备制造业,制造业,cninfo_stock_industry_change,20260423
000983,山西焦煤,焦煤,煤炭开采和洗选业,采矿业,cninfo_stock_industry_change,20260423
000987,越秀资本,金融控股,其他金融业,金融业,cninfo_stock_industry_change,20260423
000997,新 大 陆,其他计算机设备,软件和信息技术服务业,信息传输、软件和信息技术服务业,cninfo_stock_industry_change,20260423
000999,华润三九,中药,医药制造业,制造业,cninfo_stock_industry_change,20260423
001213,中铁特货,铁路运输,铁路运输业,交通运输、仓储和邮政业,cninfo_stock_industry_change,20260423
001221,悍高集团,其他家居用品,金属制品业,制造业,cninfo_stock_industry_change,20260423
001286,陕西能源,火力发电,电力、热力生产和供应业,电力、热力、燃气及水生产和供应业,cninfo_stock_industry_change,20260423
001389,广合科技,印制电路板,计算机、通信和其他电子设备制造业,制造业,cninfo_stock_industry_change,20260423
001391,国货航,跨境物流,航空运输业,交通运输、仓储和邮政业,cninfo_stock_industry_change,20260423
001696,宗申动力,其他通用设备,通用设备制造业,制造业,cninfo_stock_industry_change,20260423
001965,招商公路,高速公路,道路运输业,交通运输、仓储和邮政业,cninfo_stock_industry_change,20260423
001979,招商蛇口,商业地产,房地产业,房地产业,cninfo_stock_industry_change,20260423
002001,新 和 成,食品及饲料添加剂,医药制造业,制造业,cninfo_stock_industry_change,20260423
002007,华兰生物,疫苗,医药制造业,制造业,cninfo_stock_industry_change,20260423
002008,大族激光,激光设备,专用设备制造业,制造业,cninfo_stock_industry_change,20260423
002025,航天电器,军工电子Ⅲ,计算机、通信和其他电子设备制造业,制造业,cninfo_stock_industry_change,20260423
002027,分众传媒,广告媒体,商务服务业,租赁和商务服务业,cninfo_stock_industry_change,20260423
002028,思源电气,输变电设备,电气机械和器材制造业,制造业,cninfo_stock_industry_change,20260423
002032,苏 泊 尔,厨房小家电,电气机械和器材制造业,制造业,cninfo_stock_industry_change,20260423
002044,美年健康,医院,卫生,卫生和社会工作,cninfo_stock_industry_change,20260423
002049,紫光国微,数字芯片设计,计算机、通信和其他电子设备制造业,制造业,cninfo_stock_industry_change,20260423
002050,三花智控,家电零部件Ⅲ,通用设备制造业,制造业,cninfo_stock_industry_change,20260423
002056,横店东磁,光伏电池组件,电气机械和器材制造业,制造业,cninfo_stock_industry_change,20260423
002064,华峰化学,氨纶,化学纤维制造业,制造业,cninfo_stock_industry_change,20260423
002065,东华软件,IT服务Ⅲ,软件和信息技术服务业,信息传输、软件和信息技术服务业,cninfo_stock_industry_change,20260423
002074,国轩高科,锂电池,电气机械和器材制造业,制造业,cninfo_stock_industry_change,20260423
002078,太阳纸业,大宗用纸,造纸和纸制品业,制造业,cninfo_stock_industry_change,20260423
002080,中材科技,玻纤制造,非金属矿物制品业,制造业,cninfo_stock_industry_change,20260423
002085,万丰奥威,轮胎轮毂,汽车制造业,制造业,cninfo_stock_industry_change,20260423
002120,韵达股份,快递,邮政业,交通运输、仓储和邮政业,cninfo_stock_industry_change,20260423
002126,银轮股份,底盘与发动机系统,汽车制造业,制造业,cninfo_stock_industry_change,20260423
002128,电投能源,动力煤,煤炭开采和洗选业,采矿业,cninfo_stock_industry_change,20260423
002130,沃尔核材,其他电子Ⅲ,计算机、通信和其他电子设备制造业,制造业,cninfo_stock_industry_change,20260423
002131,利欧股份,金属制品,商务服务业,租赁和商务服务业,cninfo_stock_industry_change,20260423
002138,顺络电子,被动元件,计算机、通信和其他电子设备制造业,制造业,cninfo_stock_industry_change,20260423
002142,宁波银行,城商行Ⅲ,货币金融服务,金融业,cninfo_stock_industry_change,20260423
002152,广电运通,其他计算机设备,计算机、通信和其他电子设备制造业,制造业,cninfo_stock_industry_change,20260423
002153,石基信息,垂直应用软件,软件和信息技术服务业,信息传输、软件和信息技术服务业,cninfo_stock_industry_change,20260423
002155,湖南黄金,黄金,有色金属矿采选业,采矿业,cninfo_stock_industry_change,20260423
002156,通富微电,集成电路封测,计算机、通信和其他电子设备制造业,制造业,cninfo_stock_industry_change,20260423
002157,正邦科技,生猪养殖,畜牧业,农、林、牧、渔业,cninfo_stock_industry_change,20260423
002179,中航光电,军工电子Ⅲ,计算机、通信和其他电子设备制造业,制造业,cninfo_stock_industry_change,20260423
002185,华天科技,集成电路封测,计算机、通信和其他电子设备制造业,制造业,cninfo_stock_industry_change,20260423
002195,岩山科技,IT服务Ⅲ,互联网和相关服务,信息传输、软件和信息技术服务业,cninfo_stock_industry_change,20260423
002202,金风科技,风电整机,通用设备制造业,制造业,cninfo_stock_industry_change,20260423
002203,海亮股份,铜,有色金属冶炼和压延加工业,制造业,cninfo_stock_industry_change,20260423
002223,鱼跃医疗,医疗设备,专用设备制造业,制造业,cninfo_stock_industry_change,20260423
002230,科大讯飞,横向通用软件,软件和信息技术服务业,信息传输、软件和信息技术服务业,cninfo_stock_industry_change,20260423
002236,大华股份,安防设备,计算机、通信和其他电子设备制造业,制造业,cninfo_stock_industry_change,20260423
002241,歌尔股份,消费电子零部件及组装,计算机、通信和其他电子设备制造业,制造业,cninfo_stock_industry_change,20260423
002244,滨江集团,房地产开发,房地产业,房地产业,cninfo_stock_industry_change,20260423
002252,上海莱士,血液制品,医药制造业,制造业,cninfo_stock_industry_change,20260423
002261,拓维信息,垂直应用软件,软件和信息技术服务业,信息传输、软件和信息技术服务业,cninfo_stock_industry_change,20260423
002262,恩华药业,化学制剂,医药制造业,制造业,cninfo_stock_industry_change,20260423
002265,建设工业,底盘与发动机系统,汽车制造业,制造业,cninfo_stock_industry_change,20260423
002266,浙富控股,固废治理,生态保护和环境治理业,水利、环境和公共设施管理业,cninfo_stock_industry_change,20260423
002271,东方雨虹,防水材料,非金属矿物制品业,制造业,cninfo_stock_industry_change,20260423
002273,水晶光电,光学元件,计算机、通信和其他电子设备制造业,制造业,cninfo_stock_industry_change,20260423
002281,光迅科技,通信网络设备及器件,计算机、通信和其他电子设备制造业,制造业,cninfo_stock_industry_change,20260423
002294,信立泰,化学制剂,医药制造业,制造业,cninfo_stock_industry_change,20260423
002299,圣农发展,肉鸡养殖,农副食品加工业,制造业,cninfo_stock_industry_change,20260423
002304,洋河股份,白酒Ⅲ,酒、饮料和精制茶制造业,制造业,cninfo_stock_industry_change,20260423
002311,海大集团,水产饲料,农副食品加工业,制造业,cninfo_stock_industry_change,20260423
002312,川发龙蟒,磷肥及磷化工,化学原料和化学制品制造业,制造业,cninfo_stock_industry_change,20260423
002318,久立特材,特钢Ⅲ,金属制品业,制造业,cninfo_stock_industry_change,20260423
002335,科华数据,其他电源设备Ⅲ,电气机械和器材制造业,制造业,cninfo_stock_industry_change,20260423
002340,格林美,电池化学品,废弃资源综合利用业,制造业,cninfo_stock_industry_change,20260423
002352,顺丰控股,快递,邮政业,交通运输、仓储和邮政业,cninfo_stock_industry_change,20260423
002353,杰瑞股份,冶金矿采化工设备,专用设备制造业,制造业,cninfo_stock_industry_change,20260423
002371,北方华创,半导体设备,专用设备制造业,制造业,cninfo_stock_industry_change,20260423
002372,伟星新材,管材,橡胶和塑料制品业,制造业,cninfo_stock_industry_change,20260423
002384,东山精密,印制电路板,计算机、通信和其他电子设备制造业,制造业,cninfo_stock_industry_change,20260423
002385,大北农,畜禽饲料,农副食品加工业,制造业,cninfo_stock_industry_change,20260423
002402,和而泰,消费电子零部件及组装,计算机、通信和其他电子设备制造业,制造业,cninfo_stock_industry_change,20260423
002409,雅克科技,半导体材料,化学原料和化学制品制造业,制造业,cninfo_stock_industry_change,20260423
002410,广联达,垂直应用软件,软件和信息技术服务业,信息传输、软件和信息技术服务业,cninfo_stock_industry_change,20260423
002414,高德红外,军工电子Ⅲ,计算机、通信和其他电子设备制造业,制造业,cninfo_stock_industry_change,20260423
002415,海康威视,安防设备,计算机、通信和其他电子设备制造业,制造业,cninfo_stock_industry_change,20260423
002422,科伦药业,化学制剂,医药制造业,制造业,cninfo_stock_industry_change,20260423
002423,中粮资本,金融控股,保险业,金融业,cninfo_stock_industry_change,20260423
002429,兆驰股份,彩电,计算机、通信和其他电子设备制造业,制造业,cninfo_stock_industry_change,20260423
002430,杭氧股份,其他化学制品,专用设备制造业,制造业,cninfo_stock_industry_change,20260423
002432,九安医疗,体外诊断,专用设备制造业,制造业,cninfo_stock_industry_change,20260423
002436,兴森科技,印制电路板,计算机、通信和其他电子设备制造业,制造业,cninfo_stock_industry_change,20260423
002439,启明星辰,横向通用软件,软件和信息技术服务业,信息传输、软件和信息技术服务业,cninfo_stock_industry_change,20260423
002444,巨星科技,其他通用设备,金属制品业,制造业,cninfo_stock_industry_change,20260423
002459,晶澳科技,光伏电池组件,电气机械和器材制造业,制造业,cninfo_stock_industry_change,20260423
002460,赣锋锂业,锂,有色金属冶炼和压延加工业,制造业,cninfo_stock_industry_change,20260423
002461,珠江啤酒,啤酒,酒、饮料和精制茶制造业,制造业,cninfo_stock_industry_change,20260423
002463,沪电股份,印制电路板,计算机、通信和其他电子设备制造业,制造业,cninfo_stock_industry_change,20260423
002465,海格通信,军工电子Ⅲ,计算机、通信和其他电子设备制造业,制造业,cninfo_stock_industry_change,20260423
002466,天齐锂业,锂,有色金属冶炼和压延加工业,制造业,cninfo_stock_industry_change,20260423
002472,双环传动,底盘与发动机系统,汽车制造业,制造业,cninfo_stock_industry_change,20260423
002475,立讯精密,消费电子零部件及组装,计算机、通信和其他电子设备制造业,制造业,cninfo_stock_industry_change,20260423
002493,荣盛石化,炼油化工,化学原料和化学制品制造业,制造业,cninfo_stock_industry_change,20260423
002500,山西证券,证券,资本市场服务,金融业,cninfo_stock_industry_change,20260423
002508,老板电器,厨房电器,电气机械和器材制造业,制造业,cninfo_stock_industry_change,20260423
002517,恺英网络,游戏Ⅲ,互联网和相关服务,信息传输、软件和信息技术服务业,cninfo_stock_industry_change,20260423
002532,天山铝业,铝,有色金属冶炼和压延加工业,制造业,cninfo_stock_industry_change,20260423
002558,巨人网络,游戏Ⅲ,互联网和相关服务,信息传输、软件和信息技术服务业,cninfo_stock_industry_change,20260423
002568,百润股份,其他酒类,酒、饮料和精制茶制造业,制造业,cninfo_stock_industry_change,20260423
002583,海能达,通信网络设备及器件,计算机、通信和其他电子设备制造业,制造业,cninfo_stock_industry_change,20260423
002594,比亚迪,电动乘用车,汽车制造业,制造业,cninfo_stock_industry_change,20260423
002595,豪迈科技,其它专用机械,专用设备制造业,制造业,cninfo_stock_industry_change,20260423
002600,领益智造,消费电子零部件及组装,计算机、通信和其他电子设备制造业,制造业,cninfo_stock_industry_change,20260423
002601,龙佰集团,钛白粉,化学原料和化学制品制造业,制造业,cninfo_stock_industry_change,20260423
002603,以岭药业,中药,医药制造业,制造业,cninfo_stock_industry_change,20260423
002607,中公教育,培训教育,教育,教育,cninfo_stock_industry_change,20260423
002608,江苏国信,火电,电力、热力生产和供应业,电力、热力、燃气及水生产和供应业,cninfo_stock_industry_change,20260423
002624,完美世界,游戏Ⅲ,互联网和相关服务,信息传输、软件和信息技术服务业,cninfo_stock_industry_change,20260423
002625,光启技术,航空装备Ⅲ,铁路、船舶、航空航天和其他运输设备制造业,制造业,cninfo_stock_industry_change,20260423
002648,卫星化学,其他化学原料,化学原料和化学制品制造业,制造业,cninfo_stock_industry_change,20260423
002670,国盛证券,证券,资本市场服务,金融业,cninfo_stock_industry_change,20260423
002673,西部证券,证券,资本市场服务,金融业,cninfo_stock_industry_change,20260423
002683,广东宏大,民爆用品,开采专业及辅助性活动,采矿业,cninfo_stock_industry_change,20260423
002709,天赐材料,电池化学品,计算机、通信和其他电子设备制造业,制造业,cninfo_stock_industry_change,20260423
002714,牧原股份,生猪养殖,畜牧业,农、林、牧、渔业,cninfo_stock_industry_change,20260423
002736,国信证券,证券,资本市场服务,金融业,cninfo_stock_industry_change,20260423
002738,中矿资源,其他小金属,有色金属冶炼和压延加工业,制造业,cninfo_stock_industry_change,20260423
002739,儒意电影,院线,广播、电视、电影和录音制作业,文化、体育和娱乐业,cninfo_stock_industry_change,20260423
002756,永兴材料,锂,有色金属冶炼和压延加工业,制造业,cninfo_stock_industry_change,20260423
002773,康弘药业,其他生物制品,医药制造业,制造业,cninfo_stock_industry_change,20260423
002797,第一创业,证券,资本市场服务,金融业,cninfo_stock_industry_change,20260423
002821,凯莱英,医疗研发外包,医药制造业,制造业,cninfo_stock_industry_change,20260423
002831,裕同科技,纸包装,造纸和纸制品业,制造业,cninfo_stock_industry_change,20260423
002837,英维克,其它专用机械,专用设备制造业,制造业,cninfo_stock_industry_change,20260423
002841,视源股份,品牌消费电子,计算机、通信和其他电子设备制造业,制造业,cninfo_stock_industry_change,20260423
002850,科达利,锂电池,金属制品业,制造业,cninfo_stock_industry_change,20260423
002851,麦格米特,其它电源设备,电气机械和器材制造业,制造业,cninfo_stock_industry_change,20260423
002916,深南电路,印制电路板,计算机、通信和其他电子设备制造业,制造业,cninfo_stock_industry_change,20260423
002920,德赛西威,垂直应用软件,计算机、通信和其他电子设备制造业,制造业,cninfo_stock_industry_change,20260423
002926,华西证券,证券,资本市场服务,金融业,cninfo_stock_industry_change,20260423
002938,鹏鼎控股,印制电路板,计算机、通信和其他电子设备制造业,制造业,cninfo_stock_industry_change,20260423
002939,长城证券,证券,资本市场服务,金融业,cninfo_stock_industry_change,20260423
002945,华林证券,证券,资本市场服务,金融业,cninfo_stock_industry_change,20260423
002958,青农商行,农商行Ⅲ,货币金融服务,金融业,cninfo_stock_industry_change,20260423
002966,苏州银行,城商行Ⅲ,货币金融服务,金融业,cninfo_stock_industry_change,20260423
002984,森麒麟,轮胎轮毂,橡胶和塑料制品业,制造业,cninfo_stock_industry_change,20260423
003021,兆威机电,电机,电气机械和器材制造业,制造业,cninfo_stock_industry_change,20260423
003022,联泓新科,光伏辅材,化学原料和化学制品制造业,制造业,cninfo_stock_industry_change,20260423
003031,中瓷电子,通信终端及配件,计算机、通信和其他电子设备制造业,制造业,cninfo_stock_industry_change,20260423
003035,南网能源,电能综合服务,科技推广和应用服务业,科学研究和技术服务业,cninfo_stock_industry_change,20260423
003816,中国广核,核力发电,电力、热力生产和供应业,电力、热力、燃气及水生产和供应业,cninfo_stock_industry_change,20260423
300001,特锐德,输变电设备,电气机械和器材制造业,制造业,cninfo_stock_industry_change,20260423
300002,神州泰岳,游戏Ⅲ,互联网和相关服务,信息传输、软件和信息技术服务业,cninfo_stock_industry_change,20260423
300003,乐普医疗,医疗耗材,专用设备制造业,制造业,cninfo_stock_industry_change,20260423
300012,华测检测,检测服务,专业技术服务业,科学研究和技术服务业,cninfo_stock_industry_change,20260423
300014,亿纬锂能,锂电池,电气机械和器材制造业,制造业,cninfo_stock_industry_change,20260423
300015,爱尔眼科,医院,卫生,卫生和社会工作,cninfo_stock_industry_change,20260423
300017,网宿科技,IT服务Ⅲ,软件和信息技术服务业,信息传输、软件和信息技术服务业,cninfo_stock_industry_change,20260423
300024,机器人,机器人,通用设备制造业,制造业,cninfo_stock_industry_change,20260423
300033,同花顺,垂直应用软件,其他金融业,金融业,cninfo_stock_industry_change,20260423
300037,新宙邦,电池化学品,计算机、通信和其他电子设备制造业,制造业,cninfo_stock_industry_change,20260423
300054,鼎龙股份,电子化学品Ⅲ,计算机、通信和其他电子设备制造业,制造业,cninfo_stock_industry_change,20260423
300058,蓝色光标,营销代理,商务服务业,租赁和商务服务业,cninfo_stock_industry_change,20260423
300059,东方财富,证券,资本市场服务,金融业,cninfo_stock_industry_change,20260423
300070,碧水源,水务及水治理,生态保护和环境治理业,水利、环境和公共设施管理业,cninfo_stock_industry_change,20260423
300073,当升科技,电池化学品,计算机、通信和其他电子设备制造业,制造业,cninfo_stock_industry_change,20260423
300100,双林股份,车身附件及饰件,汽车制造业,制造业,cninfo_stock_industry_change,20260423
300115,长盈精密,消费电子零部件及组装,计算机、通信和其他电子设备制造业,制造业,cninfo_stock_industry_change,20260423
300122,智飞生物,疫苗,医药制造业,制造业,cninfo_stock_industry_change,20260423
300124,汇川技术,工控设备,电气机械和器材制造业,制造业,cninfo_stock_industry_change,20260423
300136,信维通信,消费电子零部件及组装,计算机、通信和其他电子设备制造业,制造业,cninfo_stock_industry_change,20260423
300140,节能环境,固废治理,生态保护和环境治理业,水利、环境和公共设施管理业,cninfo_stock_industry_change,20260423
300142,沃森生物,疫苗,医药制造业,制造业,cninfo_stock_industry_change,20260423
300144,宋城演艺,人工景区,文化艺术业,文化、体育和娱乐业,cninfo_stock_industry_change,20260423
300146,汤臣倍健,保健品,食品制造业,制造业,cninfo_stock_industry_change,20260423
300207,欣旺达,锂电池,电气机械和器材制造业,制造业,cninfo_stock_industry_change,20260423
300223,北京君正,数字芯片设计,计算机、通信和其他电子设备制造业,制造业,cninfo_stock_industry_change,20260423
300251,光线传媒,影视动漫制作,广播、电视、电影和录音制作业,文化、体育和娱乐业,cninfo_stock_industry_change,20260423
300274,阳光电源,逆变器,电气机械和器材制造业,制造业,cninfo_stock_industry_change,20260423
300285,国瓷材料,电子化学品Ⅲ,化学原料和化学制品制造业,制造业,cninfo_stock_industry_change,20260423
300308,中际旭创,通信网络设备及器件,计算机、通信和其他电子设备制造业,制造业,cninfo_stock_industry_change,20260423
300316,晶盛机电,光伏加工设备,专用设备制造业,制造业,cninfo_stock_industry_change,20260423
300339,润和软件,IT服务Ⅲ,软件和信息技术服务业,信息传输、软件和信息技术服务业,cninfo_stock_industry_change,20260423
300346,南大光电,电子化学品Ⅲ,计算机、通信和其他电子设备制造业,制造业,cninfo_stock_industry_change,20260423
300347,泰格医药,医疗研发外包,研究和试验发展,科学研究和技术服务业,cninfo_stock_industry_change,20260423
300373,扬杰科技,分立器件,计算机、通信和其他电子设备制造业,制造业,cninfo_stock_industry_change,20260423
300383,光环新网,通信应用增值服务,软件和信息技术服务业,信息传输、软件和信息技术服务业,cninfo_stock_industry_change,20260423
300390,天华新能,电池化学品,计算机、通信和其他电子设备制造业,制造业,cninfo_stock_industry_change,20260423
300394,天孚通信,通信网络设备及器件,计算机、通信和其他电子设备制造业,制造业,cninfo_stock_industry_change,20260423
300395,菲利华,航空装备Ⅲ,非金属矿物制品业,制造业,cninfo_stock_industry_change,20260423
300408,三环集团,被动元件,计算机、通信和其他电子设备制造业,制造业,cninfo_stock_industry_change,20260423
300413,芒果超媒,视频媒体,互联网和相关服务,信息传输、软件和信息技术服务业,cninfo_stock_industry_change,20260423
300418,昆仑万维,游戏Ⅲ,互联网和相关服务,信息传输、软件和信息技术服务业,cninfo_stock_industry_change,20260423
300432,富临精工,电池化学品,汽车制造业,制造业,cninfo_stock_industry_change,20260423
300433,蓝思科技,消费电子零部件及组装,计算机、通信和其他电子设备制造业,制造业,cninfo_stock_industry_change,20260423
300442,润泽科技,通信应用增值服务,软件和信息技术服务业,信息传输、软件和信息技术服务业,cninfo_stock_industry_change,20260423
300450,先导智能,锂电专用设备,专用设备制造业,制造业,cninfo_stock_industry_change,20260423
300454,深信服,横向通用软件,软件和信息技术服务业,信息传输、软件和信息技术服务业,cninfo_stock_industry_change,20260423
300458,全志科技,数字芯片设计,计算机、通信和其他电子设备制造业,制造业,cninfo_stock_industry_change,20260423
300474,景嘉微,军工电子Ⅲ,计算机、通信和其他电子设备制造业,制造业,cninfo_stock_industry_change,20260423
300476,胜宏科技,印制电路板,计算机、通信和其他电子设备制造业,制造业,cninfo_stock_industry_change,20260423
300487,蓝晓科技,合成树脂,化学原料和化学制品制造业,制造业,cninfo_stock_industry_change,20260423
300496,中科创达,IT服务Ⅲ,软件和信息技术服务业,信息传输、软件和信息技术服务业,cninfo_stock_industry_change,20260423
300498,温氏股份,生猪养殖,畜牧业,农、林、牧、渔业,cninfo_stock_industry_change,20260423
300502,新易盛,通信网络设备及器件,计算机、通信和其他电子设备制造业,制造业,cninfo_stock_industry_change,20260423
300529,健帆生物,医疗耗材,专用设备制造业,制造业,cninfo_stock_industry_change,20260423
300558,贝达药业,化学制剂,医药制造业,制造业,cninfo_stock_industry_change,20260423
300567,精测电子,仪器仪表,仪器仪表制造业,制造业,cninfo_stock_industry_change,20260423
300570,太辰光,通信网络设备及器件,计算机、通信和其他电子设备制造业,制造业,cninfo_stock_industry_change,20260423
300601,康泰生物,疫苗,医药制造业,制造业,cninfo_stock_industry_change,20260423
300604,长川科技,半导体设备,专用设备制造业,制造业,cninfo_stock_industry_change,20260423
300623,捷捷微电,分立器件,计算机、通信和其他电子设备制造业,制造业,cninfo_stock_industry_change,20260423
300627,华测导航,通信终端及配件,计算机、通信和其他电子设备制造业,制造业,cninfo_stock_industry_change,20260423
300628,亿联网络,通信终端及配件,计算机、通信和其他电子设备制造业,制造业,cninfo_stock_industry_change,20260423
300661,圣邦股份,模拟芯片设计,计算机、通信和其他电子设备制造业,制造业,cninfo_stock_industry_change,20260423
300676,华大基因,诊断服务,专业技术服务业,科学研究和技术服务业,cninfo_stock_industry_change,20260423
300677,英科医疗,医疗耗材,橡胶和塑料制品业,制造业,cninfo_stock_industry_change,20260423
300679,电连技术,消费电子零部件及组装,计算机、通信和其他电子设备制造业,制造业,cninfo_stock_industry_change,20260423
300699,光威复材,航空装备Ⅲ,化学纤维制造业,制造业,cninfo_stock_industry_change,20260423
300718,长盛轴承,金属制品,通用设备制造业,制造业,cninfo_stock_industry_change,20260423
300724,捷佳伟创,光伏加工设备,专用设备制造业,制造业,cninfo_stock_industry_change,20260423
300735,光弘科技,消费电子零部件及组装,计算机、通信和其他电子设备制造业,制造业,cninfo_stock_industry_change,20260423
300748,金力永磁,磁性材料,非金属矿物制品业,制造业,cninfo_stock_industry_change,20260423
300750,宁德时代,锂电池,电气机械和器材制造业,制造业,cninfo_stock_industry_change,20260423
300751,迈为股份,光伏加工设备,专用设备制造业,制造业,cninfo_stock_industry_change,20260423
300757,罗博特科,其他自动化设备,专用设备制造业,制造业,cninfo_stock_industry_change,20260423
300759,康龙化成,医疗研发外包,研究和试验发展,科学研究和技术服务业,cninfo_stock_industry_change,20260423
300760,迈瑞医疗,医疗设备,专用设备制造业,制造业,cninfo_stock_industry_change,20260423
300763,锦浪科技,逆变器,电气机械和器材制造业,制造业,cninfo_stock_industry_change,20260423
300782,卓胜微,模拟芯片设计,计算机、通信和其他电子设备制造业,制造业,cninfo_stock_industry_change,20260423
300803,指南针,垂直应用软件,其他金融业,金融业,cninfo_stock_industry_change,20260423
300832,新产业,体外诊断,医药制造业,制造业,cninfo_stock_industry_change,20260423
300857,协创数据,消费电子零部件及组装,计算机、通信和其他电子设备制造业,制造业,cninfo_stock_industry_change,20260423
300866,安克创新,品牌消费电子,计算机、通信和其他电子设备制造业,制造业,cninfo_stock_industry_change,20260423
300888,稳健医疗,生活用纸,纺织业,制造业,cninfo_stock_industry_change,20260423
300896,爱美客,医美耗材,专用设备制造业,制造业,cninfo_stock_industry_change,20260423
300919,中伟新材,电池化学品,计算机、通信和其他电子设备制造业,制造业,cninfo_stock_industry_change,20260423
300957,贝泰妮,品牌化妆品,化学原料和化学制品制造业,制造业,cninfo_stock_industry_change,20260423
300972,万辰集团,零食,零售业,批发和零售业,cninfo_stock_industry_change,20260423
300979,华利集团,纺织鞋类制造,皮革、毛皮、羽毛及其制品和制鞋业,制造业,cninfo_stock_industry_change,20260423
300999,金龙鱼,粮油加工,农副食品加工业,制造业,cninfo_stock_industry_change,20260423
301200,大族数控,其他专用设备,专用设备制造业,制造业,cninfo_stock_industry_change,20260423
301236,软通动力,IT服务,软件和信息技术服务业,信息传输、软件和信息技术服务业,cninfo_stock_industry_change,20260423
301269,华大九天,垂直应用软件,软件和信息技术服务业,信息传输、软件和信息技术服务业,cninfo_stock_industry_change,20260423
301301,川宁生物,原料药,医药制造业,制造业,cninfo_stock_industry_change,20260423
301308,江波龙,数字芯片设计,计算机、通信和其他电子设备制造业,制造业,cninfo_stock_industry_change,20260423
301358,湖南裕能,电池化学品,计算机、通信和其他电子设备制造业,制造业,cninfo_stock_industry_change,20260423
301498,乖宝宠物,宠物食品,农副食品加工业,制造业,cninfo_stock_industry_change,20260423
301536,星宸科技,数字芯片设计,计算机、通信和其他电子设备制造业,制造业,cninfo_stock_industry_change,20260423
301611,珂玛科技,半导体材料,计算机、通信和其他电子设备制造业,制造业,cninfo_stock_industry_change,20260423
302132,中航成飞,军工电子Ⅲ,计算机、通信和其他电子设备制造业,制造业,cninfo_stock_industry_change,20260423
600000,浦发银行,股份制银行Ⅲ,货币金融服务,金融业,cninfo_stock_industry_change,20260423
600004,白云机场,机场,航空运输业,交通运输、仓储和邮政业,cninfo_stock_industry_change,20260423
600007,中国国贸,商业地产,房地产业,房地产业,cninfo_stock_industry_change,20260423
600008,首创环保,水务及水治理,水的生产和供应业,电力、热力、燃气及水生产和供应业,cninfo_stock_industry_change,20260423
600009,上海机场,机场,航空运输业,交通运输、仓储和邮政业,cninfo_stock_industry_change,20260423
600010,包钢股份,板材,黑色金属冶炼和压延加工业,制造业,cninfo_stock_industry_change,20260423
600011,华能国际,火电,电力、热力生产和供应业,电力、热力、燃气及水生产和供应业,cninfo_stock_industry_change,20260423
600015,华夏银行,股份制银行Ⅲ,货币金融服务,金融业,cninfo_stock_industry_change,20260423
600016,民生银行,股份制银行Ⅲ,货币金融服务,金融业,cninfo_stock_industry_change,20260423
600018,上港集团,港口,水上运输业,交通运输、仓储和邮政业,cninfo_stock_industry_change,20260423
600019,宝钢股份,板材,黑色金属冶炼和压延加工业,制造业,cninfo_stock_industry_change,20260423
600021,上海电力,火电,电力、热力生产和供应业,电力、热力、燃气及水生产和供应业,cninfo_stock_industry_change,20260423
600023,浙能电力,火电,电力、热力生产和供应业,电力、热力、燃气及水生产和供应业,cninfo_stock_industry_change,20260423
600025,华能水电,水电,电力、热力生产和供应业,电力、热力、燃气及水生产和供应业,cninfo_stock_industry_change,20260423
600026,中远海能,航运,水上运输业,交通运输、仓储和邮政业,cninfo_stock_industry_change,20260423
600027,华电国际,火电,电力、热力生产和供应业,电力、热力、燃气及水生产和供应业,cninfo_stock_industry_change,20260423
600028,中国石化,炼油化工,石油和天然气开采业,采矿业,cninfo_stock_industry_change,20260423
600029,南方航空,航空运输,航空运输业,交通运输、仓储和邮政业,cninfo_stock_industry_change,20260423
600030,中信证券,证券,资本市场服务,金融业,cninfo_stock_industry_change,20260423
600031,三一重工,工程机械整机,专用设备制造业,制造业,cninfo_stock_industry_change,20260423
600032,浙江新能,光伏发电,电力、热力生产和供应业,电力、热力、燃气及水生产和供应业,cninfo_stock_industry_change,20260423
600036,招商银行,股份制银行Ⅲ,货币金融服务,金融业,cninfo_stock_industry_change,20260423
600038,中直股份,航空装备,铁路、船舶、航空航天和其他运输设备制造业,制造业,cninfo_stock_industry_change,20260423
600039,四川路桥,基建市政工程,土木工程建筑业,建筑业,cninfo_stock_industry_change,20260423
600048,保利发展,房地产开发,房地产业,房地产业,cninfo_stock_industry_change,20260423
600050,中国联通,电信运营商,电信、广播电视和卫星传输服务,信息传输、软件和信息技术服务业,cninfo_stock_industry_change,20260423
600060,海信视像,黑色家电,计算机、通信和其他电子设备制造业,制造业,cninfo_stock_industry_change,20260423
600061,国投资本,证券Ⅲ,资本市场服务,金融业,cninfo_stock_industry_change,20260423
600062,华润双鹤,化学制剂,医药制造业,制造业,cninfo_stock_industry_change,20260423
600066,宇通客车,商用载客车,汽车制造业,制造业,cninfo_stock_industry_change,20260423
600085,同仁堂,中成药,医药制造业,制造业,cninfo_stock_industry_change,20260423
600089,特变电工,输变电设备,电气机械和器材制造业,制造业,cninfo_stock_industry_change,20260423
600095,湘财股份,证券,资本市场服务,金融业,cninfo_stock_industry_change,20260423
600096,云天化,磷肥及磷化工,化学原料和化学制品制造业,制造业,cninfo_stock_industry_change,20260423
600098,广州发展,火电,电力、热力生产和供应业,电力、热力、燃气及水生产和供应业,cninfo_stock_industry_change,20260423
600104,上汽集团,综合乘用车,汽车制造业,制造业,cninfo_stock_industry_change,20260423
600109,国金证券,证券,资本市场服务,金融业,cninfo_stock_industry_change,20260423
600111,北方稀土,稀土,有色金属冶炼和压延加工业,制造业,cninfo_stock_industry_change,20260423
600115,中国东航,航空运输,航空运输业,交通运输、仓储和邮政业,cninfo_stock_industry_change,20260423
600118,中国卫星,航天装备,计算机、通信和其他电子设备制造业,制造业,cninfo_stock_industry_change,20260423
600126,杭钢股份,板材,黑色金属冶炼和压延加工业,制造业,cninfo_stock_industry_change,20260423
600131,国网信通,IT服务Ⅲ,软件和信息技术服务业,信息传输、软件和信息技术服务业,cninfo_stock_industry_change,20260423
600132,重庆啤酒,啤酒,酒、饮料和精制茶制造业,制造业,cninfo_stock_industry_change,20260423
600141,兴发集团,磷肥及磷化工,化学原料和化学制品制造业,制造业,cninfo_stock_industry_change,20260423
600143,金发科技,改性塑料,橡胶和塑料制品业,制造业,cninfo_stock_industry_change,20260423
600150,中国船舶,船舶制造,铁路、船舶、航空航天和其他运输设备制造业,制造业,cninfo_stock_industry_change,20260423
600153,建发股份,原材料供应链服务,商务服务业,租赁和商务服务业,cninfo_stock_industry_change,20260423
600157,永泰能源,焦煤,电力、热力生产和供应业,电力、热力、燃气及水生产和供应业,cninfo_stock_industry_change,20260423
600160,巨化股份,氟化工及制冷剂,化学原料和化学制品制造业,制造业,cninfo_stock_industry_change,20260423
600161,天坛生物,血液制品,医药制造业,制造业,cninfo_stock_industry_change,20260423
600166,福田汽车,商用载货车,汽车制造业,制造业,cninfo_stock_industry_change,20260423
600170,上海建工,房屋建设,土木工程建筑业,建筑业,cninfo_stock_industry_change,20260423
600171,上海贝岭,模拟芯片设计,计算机、通信和其他电子设备制造业,制造业,cninfo_stock_industry_change,20260423
600176,中国巨石,玻纤制造,非金属矿物制品业,制造业,cninfo_stock_industry_change,20260423
600177,雅戈尔,非运动服装,纺织服装、服饰业,制造业,cninfo_stock_industry_change,20260423
600183,生益科技,印制电路板,计算机、通信和其他电子设备制造业,制造业,cninfo_stock_industry_change,20260423
600188,兖矿能源,动力煤,煤炭开采和洗选业,采矿业,cninfo_stock_industry_change,20260423
600196,复星医药,化学制剂,医药制造业,制造业,cninfo_stock_industry_change,20260423
600208,衢州发展,房地产开发,房地产业,房地产业,cninfo_stock_industry_change,20260423
600219,南山铝业,铝,有色金属冶炼和压延加工业,制造业,cninfo_stock_industry_change,20260423
600233,圆通速递,快递,邮政业,交通运输、仓储和邮政业,cninfo_stock_industry_change,20260423
600276,恒瑞医药,化学制剂,医药制造业,制造业,cninfo_stock_industry_change,20260423
600282,南钢股份,板材,黑色金属冶炼和压延加工业,制造业,cninfo_stock_industry_change,20260423
600295,鄂尔多斯,冶钢辅料,黑色金属冶炼和压延加工业,制造业,cninfo_stock_industry_change,20260423
600298,安琪酵母,调味发酵品Ⅲ,食品制造业,制造业,cninfo_stock_industry_change,20260423
600299,安迪苏,食品及饲料添加剂,食品制造业,制造业,cninfo_stock_industry_change,20260423
600309,万华化学,聚氨酯,化学原料和化学制品制造业,制造业,cninfo_stock_industry_change,20260423
600312,平高电气,输变电设备,电气机械和器材制造业,制造业,cninfo_stock_industry_change,20260423
600316,洪都航空,航空装备,铁路、船舶、航空航天和其他运输设备制造业,制造业,cninfo_stock_industry_change,20260423
600329,达仁堂,中药,医药制造业,制造业,cninfo_stock_industry_change,20260423
600332,白云山,中药,医药制造业,制造业,cninfo_stock_industry_change,20260423
600339,中油工程,油气及炼化工程,开采专业及辅助性活动,采矿业,cninfo_stock_industry_change,20260423
600346,恒力石化,炼油化工,化学原料和化学制品制造业,制造业,cninfo_stock_industry_change,20260423
600348,华阳股份,焦煤,煤炭开采和洗选业,采矿业,cninfo_stock_industry_change,20260423
600352,浙江龙盛,纺织化学用品,化学原料和化学制品制造业,制造业,cninfo_stock_industry_change,20260423
600362,江西铜业,铜,有色金属冶炼和压延加工业,制造业,cninfo_stock_industry_change,20260423
600363,联创光电,消费电子零部件及组装,计算机、通信和其他电子设备制造业,制造业,cninfo_stock_industry_change,20260423
600369,西南证券,证券,资本市场服务,金融业,cninfo_stock_industry_change,20260423
600372,中航机载,航空装备,铁路、船舶、航空航天和其他运输设备制造业,制造业,cninfo_stock_industry_change,20260423
600377,宁沪高速,高速公路,道路运输业,交通运输、仓储和邮政业,cninfo_stock_industry_change,20260423
600378,昊华科技,氟化工,化学原料和化学制品制造业,制造业,cninfo_stock_industry_change,20260423
600380,健康元,化学制剂,医药制造业,制造业,cninfo_stock_industry_change,20260423
600390,五矿资本,金融控股,其他金融业,金融业,cninfo_stock_industry_change,20260423
600392,盛和资源,稀土,有色金属冶炼和压延加工业,制造业,cninfo_stock_industry_change,20260423
600398,海澜之家,非运动服装,纺织服装、服饰业,制造业,cninfo_stock_industry_change,20260423
600406,国电南瑞,电网自动化设备,软件和信息技术服务业,信息传输、软件和信息技术服务业,cninfo_stock_industry_change,20260423
600415,小商品城,商业物业经营,商务服务业,租赁和商务服务业,cninfo_stock_industry_change,20260423
600426,华鲁恒升,氮肥,化学原料和化学制品制造业,制造业,cninfo_stock_industry_change,20260423
600435,北方导航,地面兵装,计算机、通信和其他电子设备制造业,制造业,cninfo_stock_industry_change,20260423
600436,片仔癀,中药,医药制造业,制造业,cninfo_stock_industry_change,20260423
600438,通威股份,硅料硅片,电气机械和器材制造业,制造业,cninfo_stock_industry_change,20260423
600460,士兰微,分立器件,计算机、通信和其他电子设备制造业,制造业,cninfo_stock_industry_change,20260423
600482,中国动力,其他电源设备Ⅲ,铁路、船舶、航空航天和其他运输设备制造业,制造业,cninfo_stock_industry_change,20260423
600483,福能股份,电能综合服务,电力、热力生产和供应业,电力、热力、燃气及水生产和供应业,cninfo_stock_industry_change,20260423
600486,扬农化工,农药,化学原料和化学制品制造业,制造业,cninfo_stock_industry_change,20260423
600487,亨通光电,通信线缆及配套,电气机械和器材制造业,制造业,cninfo_stock_industry_change,20260423
600489,中金黄金,黄金,有色金属矿采选业,采矿业,cninfo_stock_industry_change,20260423
600497,驰宏锌锗,铅锌,有色金属冶炼和压延加工业,制造业,cninfo_stock_industry_change,20260423
600498,烽火通信,通信网络设备及器件,计算机、通信和其他电子设备制造业,制造业,cninfo_stock_industry_change,20260423
600499,科达制造,其它专用机械,专用设备制造业,制造业,cninfo_stock_industry_change,20260423
600511,国药股份,医药流通,批发业,批发和零售业,cninfo_stock_industry_change,20260423
600515,海南机场,住宅开发,房地产业,房地产业,cninfo_stock_industry_change,20260423
600516,方大炭素,冶钢辅料,非金属矿物制品业,制造业,cninfo_stock_industry_change,20260423
600517,国网英大,信托,其他金融业,金融业,cninfo_stock_industry_change,20260423
600519,贵州茅台,白酒Ⅲ,酒、饮料和精制茶制造业,制造业,cninfo_stock_industry_change,20260423
600521,华海药业,化学制剂,医药制造业,制造业,cninfo_stock_industry_change,20260423
600522,中天科技,通信线缆及配套,电气机械和器材制造业,制造业,cninfo_stock_industry_change,20260423
600528,中铁工业,铁路设备,专用设备制造业,制造业,cninfo_stock_industry_change,20260423
600535,天士力,中药,医药制造业,制造业,cninfo_stock_industry_change,20260423
600536,中国软件,IT服务Ⅲ,软件和信息技术服务业,信息传输、软件和信息技术服务业,cninfo_stock_industry_change,20260423
600546,山煤国际,动力煤,煤炭开采和洗选业,采矿业,cninfo_stock_industry_change,20260423
600547,山东黄金,黄金,有色金属矿采选业,采矿业,cninfo_stock_industry_change,20260423
600549,厦门钨业,钨,有色金属冶炼和压延加工业,制造业,cninfo_stock_industry_change,20260423
600562,国睿科技,军工电子Ⅲ,计算机、通信和其他电子设备制造业,制造业,cninfo_stock_industry_change,20260423
600563,法拉电子,被动元件,计算机、通信和其他电子设备制造业,制造业,cninfo_stock_industry_change,20260423
600566,济川药业,中药,医药制造业,制造业,cninfo_stock_industry_change,20260423
600570,恒生电子,垂直应用软件,软件和信息技术服务业,信息传输、软件和信息技术服务业,cninfo_stock_industry_change,20260423
600578,京能电力,火电,电力、热力生产和供应业,电力、热力、燃气及水生产和供应业,cninfo_stock_industry_change,20260423
600580,卧龙电驱,电机,电气机械和器材制造业,制造业,cninfo_stock_industry_change,20260423
600582,天地科技,冶金矿采化工设备,专用设备制造业,制造业,cninfo_stock_industry_change,20260423
600583,海油工程,油气及炼化工程,开采专业及辅助性活动,采矿业,cninfo_stock_industry_change,20260423
600584,长电科技,集成电路封测,计算机、通信和其他电子设备制造业,制造业,cninfo_stock_industry_change,20260423
600585,海螺水泥,水泥制造,非金属矿物制品业,制造业,cninfo_stock_industry_change,20260423
600588,用友网络,横向通用软件,软件和信息技术服务业,信息传输、软件和信息技术服务业,cninfo_stock_industry_change,20260423
600598,北大荒,粮食种植,农业,农、林、牧、渔业,cninfo_stock_industry_change,20260423
600600,青岛啤酒,啤酒,酒、饮料和精制茶制造业,制造业,cninfo_stock_industry_change,20260423
600601,方正科技,印制电路板,计算机、通信和其他电子设备制造业,制造业,cninfo_stock_industry_change,20260423
600602,云赛智联,垂直应用软件,软件和信息技术服务业,信息传输、软件和信息技术服务业,cninfo_stock_industry_change,20260423
600606,绿地控股,房地产开发,土木工程建筑业,建筑业,cninfo_stock_industry_change,20260423
600637,东方明珠,电视广播Ⅲ,电信、广播电视和卫星传输服务,信息传输、软件和信息技术服务业,cninfo_stock_industry_change,20260423
600642,申能股份,火电,电力、热力生产和供应业,电力、热力、燃气及水生产和供应业,cninfo_stock_industry_change,20260423
600655,豫园股份,商业物业经营,零售业,批发和零售业,cninfo_stock_industry_change,20260423
600660,福耀玻璃,车身附件及饰件,非金属矿物制品业,制造业,cninfo_stock_industry_change,20260423
600663,陆家嘴,商业地产,房地产业,房地产业,cninfo_stock_industry_change,20260423
600673,东阳光,综合Ⅲ,综合,综合,cninfo_stock_industry_change,20260423
600674,川投能源,水电,电力、热力生产和供应业,电力、热力、燃气及水生产和供应业,cninfo_stock_industry_change,20260423
600685,中船防务,船舶制造,铁路、船舶、航空航天和其他运输设备制造业,制造业,cninfo_stock_industry_change,20260423
600688,上海石化,炼油化工,石油、煤炭及其他燃料加工业,制造业,cninfo_stock_industry_change,20260423
600690,海尔智家,冰洗,电气机械和器材制造业,制造业,cninfo_stock_industry_change,20260423
600699,均胜电子,汽车电子电气系统,计算机、通信和其他电子设备制造业,制造业,cninfo_stock_industry_change,20260423
600704,物产中大,原材料供应链服务,批发业,批发和零售业,cninfo_stock_industry_change,20260423
600707,彩虹股份,面板,计算机、通信和其他电子设备制造业,制造业,cninfo_stock_industry_change,20260423
600720,中交设计,工程咨询服务Ⅲ,专业技术服务业,科学研究和技术服务业,cninfo_stock_industry_change,20260423
600737,中粮糖业,其他农产品加工,农副食品加工业,制造业,cninfo_stock_industry_change,20260423
600739,辽宁成大,疫苗,批发业,批发和零售业,cninfo_stock_industry_change,20260423
600741,华域汽车,车身附件及饰件,汽车制造业,制造业,cninfo_stock_industry_change,20260423
600754,锦江酒店,酒店,住宿业,住宿和餐饮业,cninfo_stock_industry_change,20260423
600760,中航沈飞,航空装备,铁路、船舶、航空航天和其他运输设备制造业,制造业,cninfo_stock_industry_change,20260423
600763,通策医疗,医院,卫生,卫生和社会工作,cninfo_stock_industry_change,20260423
600764,中国海防,航海装备Ⅲ,计算机、通信和其他电子设备制造业,制造业,cninfo_stock_industry_change,20260423
600765,中航重机,航空装备,铁路、船舶、航空航天和其他运输设备制造业,制造业,cninfo_stock_industry_change,20260423
600795,国电电力,火电,电力、热力生产和供应业,电力、热力、燃气及水生产和供应业,cninfo_stock_industry_change,20260423
600801,华新建材,水泥制造,非金属矿物制品业,制造业,cninfo_stock_industry_change,20260423
600803,新奥股份,燃气,燃气生产和供应业,电力、热力、燃气及水生产和供应业,cninfo_stock_industry_change,20260423
600808,马钢股份,板材,黑色金属冶炼和压延加工业,制造业,cninfo_stock_industry_change,20260423
600809,山西汾酒,白酒Ⅲ,酒、饮料和精制茶制造业,制造业,cninfo_stock_industry_change,20260423
600816,建元信托,信托,其他金融业,金融业,cninfo_stock_industry_change,20260423
600820,隧道股份,基建市政工程,土木工程建筑业,建筑业,cninfo_stock_industry_change,20260423
600845,宝信软件,IT服务Ⅲ,软件和信息技术服务业,信息传输、软件和信息技术服务业,cninfo_stock_industry_change,20260423
600848,上海临港,产业地产,房地产业,房地产业,cninfo_stock_industry_change,20260423
600862,中航高科,航空装备,铁路、船舶、航空航天和其他运输设备制造业,制造业,cninfo_stock_industry_change,20260423
600863,华能蒙电,火电,电力、热力生产和供应业,电力、热力、燃气及水生产和供应业,cninfo_stock_industry_change,20260423
600871,石化油服,油田服务,开采专业及辅助性活动,采矿业,cninfo_stock_industry_change,20260423
600873,梅花生物,食品及饲料添加剂,食品制造业,制造业,cninfo_stock_industry_change,20260423
600875,东方电气,综合电力设备商,通用设备制造业,制造业,cninfo_stock_industry_change,20260423
600879,航天电子,航天装备,铁路、船舶、航空航天和其他运输设备制造业,制造业,cninfo_stock_industry_change,20260423
600884,杉杉股份,电池化学品,计算机、通信和其他电子设备制造业,制造业,cninfo_stock_industry_change,20260423
600885,宏发股份,电网自动化设备,电气机械和器材制造业,制造业,cninfo_stock_industry_change,20260423
600886,国投电力,水电,电力、热力生产和供应业,电力、热力、燃气及水生产和供应业,cninfo_stock_industry_change,20260423
600887,伊利股份,乳品,食品制造业,制造业,cninfo_stock_industry_change,20260423
600893,航发动力,航空装备,铁路、船舶、航空航天和其他运输设备制造业,制造业,cninfo_stock_industry_change,20260423
600900,长江电力,水电,电力、热力生产和供应业,电力、热力、燃气及水生产和供应业,cninfo_stock_industry_change,20260423
600901,江苏金租,租赁,货币金融服务,金融业,cninfo_stock_industry_change,20260423
600905,三峡能源,风力发电,电力、热力生产和供应业,电力、热力、燃气及水生产和供应业,cninfo_stock_industry_change,20260423
600906,财达证券,证券,资本市场服务,金融业,cninfo_stock_industry_change,20260423
600909,华安证券,证券,资本市场服务,金融业,cninfo_stock_industry_change,20260423
600918,中泰证券,证券,资本市场服务,金融业,cninfo_stock_industry_change,20260423
600919,江苏银行,城商行Ⅲ,货币金融服务,金融业,cninfo_stock_industry_change,20260423
600926,杭州银行,城商行Ⅲ,货币金融服务,金融业,cninfo_stock_industry_change,20260423
600927,永安期货,期货,资本市场服务,金融业,cninfo_stock_industry_change,20260423
600930,华电新能,风力发电,电力、热力生产和供应业,电力、热力、燃气及水生产和供应业,cninfo_stock_industry_change,20260423
600938,中国海油,油气开采Ⅲ,石油和天然气开采业,采矿业,cninfo_stock_industry_change,20260423
600941,中国移动,电信运营商,电信、广播电视和卫星传输服务,信息传输、软件和信息技术服务业,cninfo_stock_industry_change,20260423
600958,东方证券,证券,资本市场服务,金融业,cninfo_stock_industry_change,20260423
600959,江苏有线,电视广播Ⅲ,电信、广播电视和卫星传输服务,信息传输、软件和信息技术服务业,cninfo_stock_industry_change,20260423
600967,内蒙一机,地面兵装,铁路、船舶、航空航天和其他运输设备制造业,制造业,cninfo_stock_industry_change,20260423
600968,海油发展,油田服务,开采专业及辅助性活动,采矿业,cninfo_stock_industry_change,20260423
600970,中材国际,国际工程承包,土木工程建筑业,建筑业,cninfo_stock_industry_change,20260423
600977,中国电影,影视动漫制作,广播、电视、电影和录音制作业,文化、体育和娱乐业,cninfo_stock_industry_change,20260423
600985,淮北矿业,焦煤,煤炭开采和洗选业,采矿业,cninfo_stock_industry_change,20260423
600988,赤峰黄金,黄金,有色金属矿采选业,采矿业,cninfo_stock_industry_change,20260423
600989,宝丰能源,煤化工,化学原料和化学制品制造业,制造业,cninfo_stock_industry_change,20260423
600995,南网储能,电能综合服务,电力、热力生产和供应业,电力、热力、燃气及水生产和供应业,cninfo_stock_industry_change,20260423
600998,九州通,医药流通,批发业,批发和零售业,cninfo_stock_industry_change,20260423
600999,招商证券,证券,资本市场服务,金融业,cninfo_stock_industry_change,20260423
601000,唐山港,港口,水上运输业,交通运输、仓储和邮政业,cninfo_stock_industry_change,20260423
601001,晋控煤业,动力煤,煤炭开采和洗选业,采矿业,cninfo_stock_industry_change,20260423
601006,大秦铁路,铁路运输,铁路运输业,交通运输、仓储和邮政业,cninfo_stock_industry_change,20260423
601009,南京银行,城商行Ⅲ,货币金融服务,金融业,cninfo_stock_industry_change,20260423
601012,隆基绿能,光伏电池组件,电气机械和器材制造业,制造业,cninfo_stock_industry_change,20260423
601016,节能风电,风力发电,电力、热力生产和供应业,电力、热力、燃气及水生产和供应业,cninfo_stock_industry_change,20260423
601018,宁波港,港口,水上运输业,交通运输、仓储和邮政业,cninfo_stock_industry_change,20260423
601019,山东出版,教育出版,新闻和出版业,文化、体育和娱乐业,cninfo_stock_industry_change,20260423
601021,春秋航空,航空运输,航空运输业,交通运输、仓储和邮政业,cninfo_stock_industry_change,20260423
601058,赛轮轮胎,轮胎轮毂,橡胶和塑料制品业,制造业,cninfo_stock_industry_change,20260423
601059,信达证券,证券Ⅲ,资本市场服务,金融业,cninfo_stock_industry_change,20260423
601061,中信金属,贸易Ⅲ,批发业,批发和零售业,cninfo_stock_industry_change,20260423
601066,中信建投,证券,资本市场服务,金融业,cninfo_stock_industry_change,20260423
601077,渝农商行,农商行Ⅲ,货币金融服务,金融业,cninfo_stock_industry_change,20260423
601088,中国神华,动力煤,煤炭开采和洗选业,采矿业,cninfo_stock_industry_change,20260423
601098,中南传媒,教育出版,新闻和出版业,文化、体育和娱乐业,cninfo_stock_industry_change,20260423
601099,太平洋,证券,资本市场服务,金融业,cninfo_stock_industry_change,20260423
601100,恒立液压,工程机械器件,通用设备制造业,制造业,cninfo_stock_industry_change,20260423
601106,中国一重,冶金矿采化工设备,专用设备制造业,制造业,cninfo_stock_industry_change,20260423
601108,财通证券,证券,资本市场服务,金融业,cninfo_stock_industry_change,20260423
601111,中国国航,航空运输,航空运输业,交通运输、仓储和邮政业,cninfo_stock_industry_change,20260423
601117,中国化学,化学工程,土木工程建筑业,建筑业,cninfo_stock_industry_change,20260423
601118,海南橡胶,其他种植业,农业,农、林、牧、渔业,cninfo_stock_industry_change,20260423
601127,赛力斯,电动乘用车,汽车制造业,制造业,cninfo_stock_industry_change,20260423
601128,常熟银行,农商行Ⅲ,货币金融服务,金融业,cninfo_stock_industry_change,20260423
601136,首创证券,证券Ⅲ,资本市场服务,金融业,cninfo_stock_industry_change,20260423
601138,工业富联,消费电子零部件及组装,计算机、通信和其他电子设备制造业,制造业,cninfo_stock_industry_change,20260423
601139,深圳燃气,燃气,燃气生产和供应业,电力、热力、燃气及水生产和供应业,cninfo_stock_industry_change,20260423
601155,新城控股,商业地产,房地产业,房地产业,cninfo_stock_industry_change,20260423
601156,东航物流,跨境物流,航空运输业,交通运输、仓储和邮政业,cninfo_stock_industry_change,20260423
601162,天风证券,证券,资本市场服务,金融业,cninfo_stock_industry_change,20260423
601166,兴业银行,股份制银行Ⅲ,货币金融服务,金融业,cninfo_stock_industry_change,20260423
601168,西部矿业,铜,有色金属矿采选业,采矿业,cninfo_stock_industry_change,20260423
601169,北京银行,城商行Ⅲ,货币金融服务,金融业,cninfo_stock_industry_change,20260423
601179,中国西电,输变电设备,电气机械和器材制造业,制造业,cninfo_stock_industry_change,20260423
601186,中国铁建,基建市政工程,土木工程建筑业,建筑业,cninfo_stock_industry_change,20260423
601198,东兴证券,证券,资本市场服务,金融业,cninfo_stock_industry_change,20260423
601211,国泰海通,证券,资本市场服务,金融业,cninfo_stock_industry_change,20260423
601212,白银有色,铜,有色金属冶炼和压延加工业,制造业,cninfo_stock_industry_change,20260423
601216,君正集团,氯碱,化学原料和化学制品制造业,制造业,cninfo_stock_industry_change,20260423
601225,陕西煤业,动力煤,煤炭开采和洗选业,采矿业,cninfo_stock_industry_change,20260423
601228,广州港,港口,水上运输业,交通运输、仓储和邮政业,cninfo_stock_industry_change,20260423
601229,上海银行,城商行Ⅲ,货币金融服务,金融业,cninfo_stock_industry_change,20260423
601231,环旭电子,消费电子零部件及组装,计算机、通信和其他电子设备制造业,制造业,cninfo_stock_industry_change,20260423
601233,桐昆股份,其他石化,化学纤维制造业,制造业,cninfo_stock_industry_change,20260423
601236,红塔证券,证券,资本市场服务,金融业,cninfo_stock_industry_change,20260423
601238,广汽集团,综合乘用车,汽车制造业,制造业,cninfo_stock_industry_change,20260423
601288,农业银行,国有大型银行Ⅲ,货币金融服务,金融业,cninfo_stock_industry_change,20260423
601298,青岛港,港口,水上运输业,交通运输、仓储和邮政业,cninfo_stock_industry_change,20260423
601318,中国平安,保险,保险业,金融业,cninfo_stock_industry_change,20260423
601319,中国人保,保险,保险业,金融业,cninfo_stock_industry_change,20260423
601328,交通银行,国有大型银行Ⅲ,货币金融服务,金融业,cninfo_stock_industry_change,20260423
601333,广深铁路,铁路运输,铁路运输业,交通运输、仓储和邮政业,cninfo_stock_industry_change,20260423
601336,新华保险,保险,保险业,金融业,cninfo_stock_industry_change,20260423
601360,三六零,横向通用软件,互联网和相关服务,信息传输、软件和信息技术服务业,cninfo_stock_industry_change,20260423
601377,兴业证券,证券,资本市场服务,金融业,cninfo_stock_industry_change,20260423
601390,中国中铁,基建市政工程,土木工程建筑业,建筑业,cninfo_stock_industry_change,20260423
601398,工商银行,国有大型银行Ⅲ,货币金融服务,金融业,cninfo_stock_industry_change,20260423
601399,国机重装,能源及重型设备,专用设备制造业,制造业,cninfo_stock_industry_change,20260423
601456,国联民生,证券,资本市场服务,金融业,cninfo_stock_industry_change,20260423
601555,东吴证券,证券,资本市场服务,金融业,cninfo_stock_industry_change,20260423
601567,三星电气,配电设备,仪器仪表制造业,制造业,cninfo_stock_industry_change,20260423
601577,长沙银行,城商行Ⅲ,货币金融服务,金融业,cninfo_stock_industry_change,20260423
601598,中国外运,跨境物流,多式联运和运输代理业,交通运输、仓储和邮政业,cninfo_stock_industry_change,20260423
601600,中国铝业,铝,有色金属冶炼和压延加工业,制造业,cninfo_stock_industry_change,20260423
601601,中国太保,保险,保险业,金融业,cninfo_stock_industry_change,20260423
601607,上海医药,医药流通,零售业,批发和零售业,cninfo_stock_industry_change,20260423
601608,中信重工,能源及重型设备,专用设备制造业,制造业,cninfo_stock_industry_change,20260423
601611,中国核建,基建市政工程,土木工程建筑业,建筑业,cninfo_stock_industry_change,20260423
601615,明阳智能,风电整机,通用设备制造业,制造业,cninfo_stock_industry_change,20260423
601618,中国中冶,其他专业工程,土木工程建筑业,建筑业,cninfo_stock_industry_change,20260423
601628,中国人寿,保险,保险业,金融业,cninfo_stock_industry_change,20260423
601633,长城汽车,综合乘用车,汽车制造业,制造业,cninfo_stock_industry_change,20260423
601658,邮储银行,国有大型银行Ⅲ,货币金融服务,金融业,cninfo_stock_industry_change,20260423
601665,齐鲁银行,城商行Ⅲ,货币金融服务,金融业,cninfo_stock_industry_change,20260423
601666,平煤股份,焦煤,煤炭开采和洗选业,采矿业,cninfo_stock_industry_change,20260423
601668,中国建筑,房屋建设Ⅲ,土木工程建筑业,建筑业,cninfo_stock_industry_change,20260423
601669,中国电建,基建市政工程,土木工程建筑业,建筑业,cninfo_stock_industry_change,20260423
601688,华泰证券,证券,资本市场服务,金融业,cninfo_stock_industry_change,20260423
601689,拓普集团,底盘与发动机系统,汽车制造业,制造业,cninfo_stock_industry_change,20260423
601696,中银证券,证券,资本市场服务,金融业,cninfo_stock_industry_change,20260423
601698,中国卫通,航天装备,电信、广播电视和卫星传输服务,信息传输、软件和信息技术服务业,cninfo_stock_industry_change,20260423
601699,潞安环能,焦煤,煤炭开采和洗选业,采矿业,cninfo_stock_industry_change,20260423
601717,中创智领,能源及重型设备,专用设备制造业,制造业,cninfo_stock_industry_change,20260423
601728,中国电信,电信运营商,电信、广播电视和卫星传输服务,信息传输、软件和信息技术服务业,cninfo_stock_industry_change,20260423
601766,中国中车,轨交设备Ⅲ,铁路、船舶、航空航天和其他运输设备制造业,制造业,cninfo_stock_industry_change,20260423
601788,光大证券,证券,资本市场服务,金融业,cninfo_stock_industry_change,20260423
601799,星宇股份,车身附件及饰件,汽车制造业,制造业,cninfo_stock_industry_change,20260423
601800,中国交建,基建市政工程,土木工程建筑业,建筑业,cninfo_stock_industry_change,20260423
601808,中海油服,油田服务,开采专业及辅助性活动,采矿业,cninfo_stock_industry_change,20260423
601816,京沪高铁,铁路运输,铁路运输业,交通运输、仓储和邮政业,cninfo_stock_industry_change,20260423
601818,光大银行,股份制银行Ⅲ,货币金融服务,金融业,cninfo_stock_industry_change,20260423
601825,沪农商行,农商行Ⅲ,货币金融服务,金融业,cninfo_stock_industry_change,20260423
601838,成都银行,城商行Ⅲ,货币金融服务,金融业,cninfo_stock_industry_change,20260423
601857,中国石油,炼油化工,石油和天然气开采业,采矿业,cninfo_stock_industry_change,20260423
601865,福莱特,光伏辅材,非金属矿物制品业,制造业,cninfo_stock_industry_change,20260423
601866,中远海发,航运,水上运输业,交通运输、仓储和邮政业,cninfo_stock_industry_change,20260423
601868,中国能建,基建市政工程,土木工程建筑业,建筑业,cninfo_stock_industry_change,20260423
601872,招商轮船,航运,水上运输业,交通运输、仓储和邮政业,cninfo_stock_industry_change,20260423
601877,正泰电器,配电设备,电气机械和器材制造业,制造业,cninfo_stock_industry_change,20260423
601878,浙商证券,证券,资本市场服务,金融业,cninfo_stock_industry_change,20260423
601880,辽港股份,港口,水上运输业,交通运输、仓储和邮政业,cninfo_stock_industry_change,20260423
601881,中国银河,证券,资本市场服务,金融业,cninfo_stock_industry_change,20260423
601888,中国中免,旅游零售Ⅲ,商务服务业,租赁和商务服务业,cninfo_stock_industry_change,20260423
601898,中煤能源,动力煤,煤炭开采和洗选业,采矿业,cninfo_stock_industry_change,20260423
601899,紫金矿业,铜,有色金属矿采选业,采矿业,cninfo_stock_industry_change,20260423
601901,方正证券,证券,资本市场服务,金融业,cninfo_stock_industry_change,20260423
601916,浙商银行,股份制银行Ⅲ,货币金融服务,金融业,cninfo_stock_industry_change,20260423
601918,新集能源,动力煤,煤炭开采和洗选业,采矿业,cninfo_stock_industry_change,20260423
601919,中远海控,航运,水上运输业,交通运输、仓储和邮政业,cninfo_stock_industry_change,20260423
601921,浙版传媒,教育出版,新闻和出版业,文化、体育和娱乐业,cninfo_stock_industry_change,20260423
601928,凤凰传媒,教育出版,新闻和出版业,文化、体育和娱乐业,cninfo_stock_industry_change,20260423
601939,建设银行,国有大型银行Ⅲ,货币金融服务,金融业,cninfo_stock_industry_change,20260423
601958,金钼股份,钼,有色金属矿采选业,采矿业,cninfo_stock_industry_change,20260423
601965,中国汽研,汽车综合服务,专业技术服务业,科学研究和技术服务业,cninfo_stock_industry_change,20260423
601966,玲珑轮胎,轮胎轮毂,橡胶和塑料制品业,制造业,cninfo_stock_industry_change,20260423
601985,中国核电,核力发电,电力、热力生产和供应业,电力、热力、燃气及水生产和供应业,cninfo_stock_industry_change,20260423
601988,中国银行,国有大型银行Ⅲ,货币金融服务,金融业,cninfo_stock_industry_change,20260423
601990,南京证券,证券,资本市场服务,金融业,cninfo_stock_industry_change,20260423
601991,大唐发电,火电,电力、热力生产和供应业,电力、热力、燃气及水生产和供应业,cninfo_stock_industry_change,20260423
601995,中金公司,证券,资本市场服务,金融业,cninfo_stock_industry_change,20260423
601997,贵阳银行,城商行Ⅲ,货币金融服务,金融业,cninfo_stock_industry_change,20260423
601998,中信银行,股份制银行Ⅲ,货币金融服务,金融业,cninfo_stock_industry_change,20260423
603000,人民网,门户网站,互联网和相关服务,信息传输、软件和信息技术服务业,cninfo_stock_industry_change,20260423
603019,中科曙光,其他计算机设备,计算机、通信和其他电子设备制造业,制造业,cninfo_stock_industry_change,20260423
603049,中策橡胶,轮胎轮毂,橡胶和塑料制品业,制造业,cninfo_stock_industry_change,20260423
603077,和邦生物,磷肥及磷化工,化学原料和化学制品制造业,制造业,cninfo_stock_industry_change,20260423
603087,甘李药业,其他生物制品,医药制造业,制造业,cninfo_stock_industry_change,20260423
603129,春风动力,摩托车,铁路、船舶、航空航天和其他运输设备制造业,制造业,cninfo_stock_industry_change,20260423
603156,养元饮品,软饮料,酒、饮料和精制茶制造业,制造业,cninfo_stock_industry_change,20260423
603160,汇顶科技,模拟芯片设计,计算机、通信和其他电子设备制造业,制造业,cninfo_stock_industry_change,20260423
603179,新泉股份,汽车电子电气系统,汽车制造业,制造业,cninfo_stock_industry_change,20260423
603195,公牛集团,其他家居用品,电气机械和器材制造业,制造业,cninfo_stock_industry_change,20260423
603225,新凤鸣,涤纶,化学纤维制造业,制造业,cninfo_stock_industry_change,20260423
603228,景旺电子,印制电路板,计算机、通信和其他电子设备制造业,制造业,cninfo_stock_industry_change,20260423
603233,大参林,线下药店,零售业,批发和零售业,cninfo_stock_industry_change,20260423
603259,药明康德,医疗研发外包,研究和试验发展,科学研究和技术服务业,cninfo_stock_industry_change,20260423
603260,合盛硅业,有机硅,化学原料和化学制品制造业,制造业,cninfo_stock_industry_change,20260423
603288,海天味业,调味发酵品Ⅲ,食品制造业,制造业,cninfo_stock_industry_change,20260423
603290,斯达半导,分立器件,计算机、通信和其他电子设备制造业,制造业,cninfo_stock_industry_change,20260423
603296,华勤技术,消费电子零部件及组装,计算机、通信和其他电子设备制造业,制造业,cninfo_stock_industry_change,20260423
603298,杭叉集团,工程机械整机,通用设备制造业,制造业,cninfo_stock_industry_change,20260423
603338,浙江鼎力,工程机械整机,专用设备制造业,制造业,cninfo_stock_industry_change,20260423
603341,龙旗科技,消费电子零部件及组装,计算机、通信和其他电子设备制造业,制造业,cninfo_stock_industry_change,20260423
603345,安井食品,预加工食品,农副食品加工业,制造业,cninfo_stock_industry_change,20260423
603369,今世缘,白酒Ⅲ,酒、饮料和精制茶制造业,制造业,cninfo_stock_industry_change,20260423
603379,三美股份,氟化工及制冷剂,化学原料和化学制品制造业,制造业,cninfo_stock_industry_change,20260423
603392,万泰生物,疫苗,医药制造业,制造业,cninfo_stock_industry_change,20260423
603444,吉比特,游戏Ⅲ,互联网和相关服务,信息传输、软件和信息技术服务业,cninfo_stock_industry_change,20260423
603486,科沃斯,清洁小家电,计算机、通信和其他电子设备制造业,制造业,cninfo_stock_industry_change,20260423
603501,豪威集团,数字芯片设计,计算机、通信和其他电子设备制造业,制造业,cninfo_stock_industry_change,20260423
603529,爱玛科技,其他交运设备,铁路、船舶、航空航天和其他运输设备制造业,制造业,cninfo_stock_industry_change,20260423
603565,中谷物流,航运,水上运输业,交通运输、仓储和邮政业,cninfo_stock_industry_change,20260423
603568,伟明环保,固废治理,生态保护和环境治理业,水利、环境和公共设施管理业,cninfo_stock_industry_change,20260423
603589,口子窖,白酒Ⅲ,酒、饮料和精制茶制造业,制造业,cninfo_stock_industry_change,20260423
603596,伯特利,底盘与发动机系统,汽车制造业,制造业,cninfo_stock_industry_change,20260423
603605,珀莱雅,品牌化妆品,化学原料和化学制品制造业,制造业,cninfo_stock_industry_change,20260423
603606,东方电缆,线缆部件及其他,电气机械和器材制造业,制造业,cninfo_stock_industry_change,20260423
603650,彤程新材,橡胶助剂,化学原料和化学制品制造业,制造业,cninfo_stock_industry_change,20260423
603658,安图生物,体外诊断,医药制造业,制造业,cninfo_stock_industry_change,20260423
603659,璞泰来,电池化学品,计算机、通信和其他电子设备制造业,制造业,cninfo_stock_industry_change,20260423
603688,石英股份,非金属材料Ⅲ,非金属矿物制品业,制造业,cninfo_stock_industry_change,20260423
603699,纽威股份,金属制品,通用设备制造业,制造业,cninfo_stock_industry_change,20260423
603707,健友股份,化学制剂,医药制造业,制造业,cninfo_stock_industry_change,20260423
603728,鸣志电器,电机,电气机械和器材制造业,制造业,cninfo_stock_industry_change,20260423
603737,三棵树,涂料,化学原料和化学制品制造业,制造业,cninfo_stock_industry_change,20260423
603766,隆鑫通用,摩托车,铁路、船舶、航空航天和其他运输设备制造业,制造业,cninfo_stock_industry_change,20260423
603786,科博达,汽车电子电气系统,汽车制造业,制造业,cninfo_stock_industry_change,20260423
603799,华友钴业,钴,有色金属冶炼和压延加工业,制造业,cninfo_stock_industry_change,20260423
603806,福斯特,光伏辅材,橡胶和塑料制品业,制造业,cninfo_stock_industry_change,20260423
603816,顾家家居,成品家居,家具制造业,制造业,cninfo_stock_industry_change,20260423
603833,欧派家居,定制家居,家具制造业,制造业,cninfo_stock_industry_change,20260423
603858,步长制药,中药,医药制造业,制造业,cninfo_stock_industry_change,20260423
603885,吉祥航空,航空运输,航空运输业,交通运输、仓储和邮政业,cninfo_stock_industry_change,20260423
603893,瑞芯微,数字芯片设计,计算机、通信和其他电子设备制造业,制造业,cninfo_stock_industry_change,20260423
603899,晨光股份,文化用品,文教、工美、体育和娱乐用品制造业,制造业,cninfo_stock_industry_change,20260423
603920,世运电路,印制电路板,计算机、通信和其他电子设备制造业,制造业,cninfo_stock_industry_change,20260423
603927,中科软,垂直应用软件,软件和信息技术服务业,信息传输、软件和信息技术服务业,cninfo_stock_industry_change,20260423
603939,益丰药房,线下药店,零售业,批发和零售业,cninfo_stock_industry_change,20260423
603979,金诚信,铜,开采专业及辅助性活动,采矿业,cninfo_stock_industry_change,20260423
603986,兆易创新,数字芯片设计,计算机、通信和其他电子设备制造业,制造业,cninfo_stock_industry_change,20260423
603993,洛阳钼业,铜,有色金属矿采选业,采矿业,cninfo_stock_industry_change,20260423
605117,德业股份,逆变器,电气机械和器材制造业,制造业,cninfo_stock_industry_change,20260423
605358,立昂微,半导体材料,计算机、通信和其他电子设备制造业,制造业,cninfo_stock_industry_change,20260423
605499,东鹏饮料,软饮料,酒、饮料和精制茶制造业,制造业,cninfo_stock_industry_change,20260423
605589,圣泉集团,合成树脂,化学原料和化学制品制造业,制造业,cninfo_stock_industry_change,20260423
688002,睿创微纳,军工电子Ⅲ,计算机、通信和其他电子设备制造业,制造业,cninfo_stock_industry_change,20260423
688008,澜起科技,数字芯片设计,计算机、通信和其他电子设备制造业,制造业,cninfo_stock_industry_change,20260423
688009,中国通号,铁路设备,铁路、船舶、航空航天和其他运输设备制造业,制造业,cninfo_stock_industry_change,20260423
688012,中微公司,半导体设备,专用设备制造业,制造业,cninfo_stock_industry_change,20260423
688017,绿的谐波,机器人,通用设备制造业,制造业,cninfo_stock_industry_change,20260423
688018,乐鑫科技,数字芯片设计,软件和信息技术服务业,信息传输、软件和信息技术服务业,cninfo_stock_industry_change,20260423
688019,安集科技,电子化学品Ⅲ,计算机、通信和其他电子设备制造业,制造业,cninfo_stock_industry_change,20260423
688027,国盾量子,通信终端及配件,计算机、通信和其他电子设备制造业,制造业,cninfo_stock_industry_change,20260423
688036,传音控股,品牌消费电子,计算机、通信和其他电子设备制造业,制造业,cninfo_stock_industry_change,20260423
688037,芯源微,半导体设备,专用设备制造业,制造业,cninfo_stock_industry_change,20260423
688041,海光信息,数字芯片设计,计算机、通信和其他电子设备制造业,制造业,cninfo_stock_industry_change,20260423
688047,龙芯中科,数字芯片设计,计算机、通信和其他电子设备制造业,制造业,cninfo_stock_industry_change,20260423
688052,纳芯微,模拟芯片设计,软件和信息技术服务业,信息传输、软件和信息技术服务业,cninfo_stock_industry_change,20260423
688065,凯赛生物,其他化学制品,化学纤维制造业,制造业,cninfo_stock_industry_change,20260423
688082,盛美上海,半导体设备,专用设备制造业,制造业,cninfo_stock_industry_change,20260423
688099,晶晨股份,数字芯片设计,软件和信息技术服务业,信息传输、软件和信息技术服务业,cninfo_stock_industry_change,20260423
688100,威胜信息,通信终端及配件,计算机、通信和其他电子设备制造业,制造业,cninfo_stock_industry_change,20260423
688111,金山办公,横向通用软件,软件和信息技术服务业,信息传输、软件和信息技术服务业,cninfo_stock_industry_change,20260423
688114,华大智造,医疗设备,专用设备制造业,制造业,cninfo_stock_industry_change,20260423
688120,华海清科,半导体设备,专用设备制造业,制造业,cninfo_stock_industry_change,20260423
688122,西部超导,航空装备Ⅲ,有色金属冶炼和压延加工业,制造业,cninfo_stock_industry_change,20260423
688126,沪硅产业,半导体材料,计算机、通信和其他电子设备制造业,制造业,cninfo_stock_industry_change,20260423
688166,博瑞医药,原料药,医药制造业,制造业,cninfo_stock_industry_change,20260423
688169,石头科技,清洁小家电,计算机、通信和其他电子设备制造业,制造业,cninfo_stock_industry_change,20260423
688172,燕东微,分立器件,计算机、通信和其他电子设备制造业,制造业,cninfo_stock_industry_change,20260423
688180,君实生物,其他生物制品,医药制造业,制造业,cninfo_stock_industry_change,20260423
688183,生益电子,印制电路板,计算机、通信和其他电子设备制造业,制造业,cninfo_stock_industry_change,20260423
688187,时代电气,轨交设备Ⅲ,铁路、船舶、航空航天和其他运输设备制造业,制造业,cninfo_stock_industry_change,20260423
688188,柏楚电子,其他计算机设备,软件和信息技术服务业,信息传输、软件和信息技术服务业,cninfo_stock_industry_change,20260423
688192,迪哲医药,化学制剂,医药制造业,制造业,cninfo_stock_industry_change,20260423
688213,思特威,数字芯片设计,软件和信息技术服务业,信息传输、软件和信息技术服务业,cninfo_stock_industry_change,20260423
688220,翱捷科技,模拟芯片设计,计算机、通信和其他电子设备制造业,制造业,cninfo_stock_industry_change,20260423
688223,晶科能源,光伏电池组件,电气机械和器材制造业,制造业,cninfo_stock_industry_change,20260423
688234,天岳先进,半导体材料,计算机、通信和其他电子设备制造业,制造业,cninfo_stock_industry_change,20260423
688235,百济神州,化学制剂,医药制造业,制造业,cninfo_stock_industry_change,20260423
688248,南网科技,电网自动化设备,专业技术服务业,科学研究和技术服务业,cninfo_stock_industry_change,20260423
688256,寒武纪,数字芯片设计,软件和信息技术服务业,信息传输、软件和信息技术服务业,cninfo_stock_industry_change,20260423
688266,泽璟制药,化学制剂,医药制造业,制造业,cninfo_stock_industry_change,20260423
688271,联影医疗,医疗设备,专用设备制造业,制造业,cninfo_stock_industry_change,20260423
688278,特宝生物,其他生物制品,医药制造业,制造业,cninfo_stock_industry_change,20260423
688281,华秦科技,航空装备Ⅲ,其他制造业,制造业,cninfo_stock_industry_change,20260423
688295,中复神鹰,其他化学纤维,化学纤维制造业,制造业,cninfo_stock_industry_change,20260423
688297,中无人机,航空装备Ⅲ,铁路、船舶、航空航天和其他运输设备制造业,制造业,cninfo_stock_industry_change,20260423
688301,奕瑞科技,医疗设备,专用设备制造业,制造业,cninfo_stock_industry_change,20260423
688303,大全能源,硅料硅片,电气机械和器材制造业,制造业,cninfo_stock_industry_change,20260423
688318,财富趋势,垂直应用软件,软件和信息技术服务业,信息传输、软件和信息技术服务业,cninfo_stock_industry_change,20260423
688322,奥比中光,光学元件,计算机、通信和其他电子设备制造业,制造业,cninfo_stock_industry_change,20260423
688336,三生国健,其他生物制品,医药制造业,制造业,cninfo_stock_industry_change,20260423
688347,华虹公司,集成电路制造,计算机、通信和其他电子设备制造业,制造业,cninfo_stock_industry_change,20260423
688349,三一重能,风电整机,电气机械和器材制造业,制造业,cninfo_stock_industry_change,20260423
688361,中科飞测,半导体设备,专用设备制造业,制造业,cninfo_stock_industry_change,20260423
688363,华熙生物,医美耗材,化学原料和化学制品制造业,制造业,cninfo_stock_industry_change,20260423
688375,国博电子,军工电子Ⅲ,计算机、通信和其他电子设备制造业,制造业,cninfo_stock_industry_change,20260423
688385,复旦微电,数字芯片设计,计算机、通信和其他电子设备制造业,制造业,cninfo_stock_industry_change,20260423
688387,信科移动,通信网络设备及器件,计算机、通信和其他电子设备制造业,制造业,cninfo_stock_industry_change,20260423
688396,华润微,集成电路制造,计算机、通信和其他电子设备制造业,制造业,cninfo_stock_industry_change,20260423
688425,铁建重工,工程机械整机,专用设备制造业,制造业,cninfo_stock_industry_change,20260423
688469,芯联集成,集成电路制造,计算机、通信和其他电子设备制造业,制造业,cninfo_stock_industry_change,20260423
688472,阿特斯,光伏电池组件,电气机械和器材制造业,制造业,cninfo_stock_industry_change,20260423
688475,萤石网络,安防设备,计算机、通信和其他电子设备制造业,制造业,cninfo_stock_industry_change,20260423
688506,百利天恒,化学制剂,医药制造业,制造业,cninfo_stock_industry_change,20260423
688520,神州细胞,其他生物制品,医药制造业,制造业,cninfo_stock_industry_change,20260423
688525,佰维存储,数字芯片设计,计算机、通信和其他电子设备制造业,制造业,cninfo_stock_industry_change,20260423
688538,和辉光电,显示器件,计算机、通信和其他电子设备制造业,制造业,cninfo_stock_industry_change,20260423
688561,奇安信,横向通用软件,软件和信息技术服务业,信息传输、软件和信息技术服务业,cninfo_stock_industry_change,20260423
688563,航材股份,航空装备Ⅲ,铁路、船舶、航空航天和其他运输设备制造业,制造业,cninfo_stock_industry_change,20260423
688568,中科星图,IT服务Ⅲ,软件和信息技术服务业,信息传输、软件和信息技术服务业,cninfo_stock_industry_change,20260423
688578,艾力斯,化学制剂,医药制造业,制造业,cninfo_stock_industry_change,20260423
688582,芯动联科,模拟芯片设计,计算机、通信和其他电子设备制造业,制造业,cninfo_stock_industry_change,20260423
688599,天合光能,光伏电池组件,电气机械和器材制造业,制造业,cninfo_stock_industry_change,20260423
688608,恒玄科技,数字芯片设计,计算机、通信和其他电子设备制造业,制造业,cninfo_stock_industry_change,20260423
688615,合合信息,垂直应用软件,软件和信息技术服务业,信息传输、软件和信息技术服务业,cninfo_stock_industry_change,20260423
688617,惠泰医疗,医疗耗材,专用设备制造业,制造业,cninfo_stock_industry_change,20260423
688629,华丰科技,军工电子Ⅲ,计算机、通信和其他电子设备制造业,制造业,cninfo_stock_industry_change,20260423
688676,金盘科技,输变电设备,电气机械和器材制造业,制造业,cninfo_stock_industry_change,20260423
688692,达梦数据,垂直应用软件,软件和信息技术服务业,信息传输、软件和信息技术服务业,cninfo_stock_industry_change,20260423
688702,盛科通信,数字芯片设计,软件和信息技术服务业,信息传输、软件和信息技术服务业,cninfo_stock_industry_change,20260423
688709,成都华微,数字芯片设计,计算机、通信和其他电子设备制造业,制造业,cninfo_stock_industry_change,20260423
688728,格科微,数字芯片设计,计算机、通信和其他电子设备制造业,制造业,cninfo_stock_industry_change,20260423
688772,珠海冠宇,锂电池,电气机械和器材制造业,制造业,cninfo_stock_industry_change,20260423
688777,中控技术,工控设备,软件和信息技术服务业,信息传输、软件和信息技术服务业,cninfo_stock_industry_change,20260423
688778,厦钨新能,电池化学品,计算机、通信和其他电子设备制造业,制造业,cninfo_stock_industry_change,20260423
688819,天能股份,蓄电池及其他电池,电气机械和器材制造业,制造业,cninfo_stock_industry_change,20260423
688981,中芯国际,集成电路制造,计算机、通信和其他电子设备制造业,制造业,cninfo_stock_industry_change,20260423
689009,九号公司,其他运输设备,计算机、通信和其他电子设备制造业,制造业,cninfo_stock_industry_change,20260423
